{"frames": {

"puntos amarilla_00000.png":
{
	"frame": {"x":1,"y":1,"w":226,"h":298},
	"rotated": false,
	"trimmed": true,
	"spriteSourceSize": {"x":37,"y":27,"w":226,"h":298},
	"sourceSize": {"w":300,"h":350}
},
"puntos amarilla_00001.png":
{
	"frame": {"x":229,"y":1,"w":226,"h":298},
	"rotated": false,
	"trimmed": true,
	"spriteSourceSize": {"x":37,"y":27,"w":226,"h":298},
	"sourceSize": {"w":300,"h":350}
},
"puntos amarilla_00002.png":
{
	"frame": {"x":457,"y":1,"w":226,"h":298},
	"rotated": false,
	"trimmed": true,
	"spriteSourceSize": {"x":37,"y":27,"w":226,"h":298},
	"sourceSize": {"w":300,"h":350}
},
"puntos amarilla_00003.png":
{
	"frame": {"x":685,"y":1,"w":226,"h":298},
	"rotated": false,
	"trimmed": true,
	"spriteSourceSize": {"x":37,"y":27,"w":226,"h":298},
	"sourceSize": {"w":300,"h":350}
},
"puntos amarilla_00004.png":
{
	"frame": {"x":913,"y":1,"w":226,"h":298},
	"rotated": false,
	"trimmed": true,
	"spriteSourceSize": {"x":37,"y":27,"w":226,"h":298},
	"sourceSize": {"w":300,"h":350}
},
"puntos amarilla_00005.png":
{
	"frame": {"x":1141,"y":1,"w":226,"h":298},
	"rotated": false,
	"trimmed": true,
	"spriteSourceSize": {"x":37,"y":27,"w":226,"h":298},
	"sourceSize": {"w":300,"h":350}
},
"puntos amarilla_00006.png":
{
	"frame": {"x":1,"y":601,"w":226,"h":299},
	"rotated": false,
	"trimmed": true,
	"spriteSourceSize": {"x":37,"y":26,"w":226,"h":299},
	"sourceSize": {"w":300,"h":350}
},
"puntos amarilla_00007.png":
{
	"frame": {"x":457,"y":601,"w":226,"h":300},
	"rotated": false,
	"trimmed": true,
	"spriteSourceSize": {"x":37,"y":25,"w":226,"h":300},
	"sourceSize": {"w":300,"h":350}
},
"puntos amarilla_00008.png":
{
	"frame": {"x":685,"y":601,"w":226,"h":300},
	"rotated": false,
	"trimmed": true,
	"spriteSourceSize": {"x":37,"y":25,"w":226,"h":300},
	"sourceSize": {"w":300,"h":350}
},
"puntos amarilla_00009.png":
{
	"frame": {"x":913,"y":601,"w":226,"h":301},
	"rotated": false,
	"trimmed": true,
	"spriteSourceSize": {"x":37,"y":24,"w":226,"h":301},
	"sourceSize": {"w":300,"h":350}
},
"puntos amarilla_00010.png":
{
	"frame": {"x":1369,"y":601,"w":226,"h":302},
	"rotated": false,
	"trimmed": true,
	"spriteSourceSize": {"x":37,"y":23,"w":226,"h":302},
	"sourceSize": {"w":300,"h":350}
},
"puntos amarilla_00011.png":
{
	"frame": {"x":1597,"y":601,"w":226,"h":302},
	"rotated": false,
	"trimmed": true,
	"spriteSourceSize": {"x":37,"y":23,"w":226,"h":302},
	"sourceSize": {"w":300,"h":350}
},
"puntos amarilla_00012.png":
{
	"frame": {"x":1,"y":902,"w":226,"h":303},
	"rotated": false,
	"trimmed": true,
	"spriteSourceSize": {"x":37,"y":22,"w":226,"h":303},
	"sourceSize": {"w":300,"h":350}
},
"puntos amarilla_00013.png":
{
	"frame": {"x":229,"y":902,"w":226,"h":303},
	"rotated": false,
	"trimmed": true,
	"spriteSourceSize": {"x":37,"y":22,"w":226,"h":303},
	"sourceSize": {"w":300,"h":350}
},
"puntos amarilla_00014.png":
{
	"frame": {"x":457,"y":903,"w":226,"h":303},
	"rotated": false,
	"trimmed": true,
	"spriteSourceSize": {"x":37,"y":22,"w":226,"h":303},
	"sourceSize": {"w":300,"h":350}
},
"puntos amarilla_00015.png":
{
	"frame": {"x":685,"y":903,"w":226,"h":303},
	"rotated": false,
	"trimmed": true,
	"spriteSourceSize": {"x":37,"y":22,"w":226,"h":303},
	"sourceSize": {"w":300,"h":350}
},
"puntos amarilla_00016.png":
{
	"frame": {"x":913,"y":904,"w":226,"h":303},
	"rotated": false,
	"trimmed": true,
	"spriteSourceSize": {"x":37,"y":22,"w":226,"h":303},
	"sourceSize": {"w":300,"h":350}
},
"puntos amarilla_00017.png":
{
	"frame": {"x":1141,"y":904,"w":226,"h":303},
	"rotated": false,
	"trimmed": true,
	"spriteSourceSize": {"x":37,"y":22,"w":226,"h":303},
	"sourceSize": {"w":300,"h":350}
},
"puntos amarilla_00018.png":
{
	"frame": {"x":1369,"y":905,"w":226,"h":303},
	"rotated": false,
	"trimmed": true,
	"spriteSourceSize": {"x":37,"y":22,"w":226,"h":303},
	"sourceSize": {"w":300,"h":350}
},
"puntos amarilla_00019.png":
{
	"frame": {"x":1597,"y":905,"w":226,"h":303},
	"rotated": false,
	"trimmed": true,
	"spriteSourceSize": {"x":37,"y":22,"w":226,"h":303},
	"sourceSize": {"w":300,"h":350}
},
"puntos amarilla_00020.png":
{
	"frame": {"x":1141,"y":601,"w":226,"h":301},
	"rotated": false,
	"trimmed": true,
	"spriteSourceSize": {"x":37,"y":24,"w":226,"h":301},
	"sourceSize": {"w":300,"h":350}
},
"puntos amarilla_00021.png":
{
	"frame": {"x":229,"y":601,"w":226,"h":299},
	"rotated": false,
	"trimmed": true,
	"spriteSourceSize": {"x":37,"y":26,"w":226,"h":299},
	"sourceSize": {"w":300,"h":350}
},
"puntos amarilla_00022.png":
{
	"frame": {"x":1369,"y":1,"w":226,"h":298},
	"rotated": false,
	"trimmed": true,
	"spriteSourceSize": {"x":37,"y":27,"w":226,"h":298},
	"sourceSize": {"w":300,"h":350}
},
"puntos amarilla_00023.png":
{
	"frame": {"x":1597,"y":1,"w":226,"h":298},
	"rotated": false,
	"trimmed": true,
	"spriteSourceSize": {"x":37,"y":27,"w":226,"h":298},
	"sourceSize": {"w":300,"h":350}
},
"puntos amarilla_00024.png":
{
	"frame": {"x":1,"y":301,"w":226,"h":298},
	"rotated": false,
	"trimmed": true,
	"spriteSourceSize": {"x":37,"y":27,"w":226,"h":298},
	"sourceSize": {"w":300,"h":350}
},
"puntos amarilla_00025.png":
{
	"frame": {"x":229,"y":301,"w":226,"h":298},
	"rotated": false,
	"trimmed": true,
	"spriteSourceSize": {"x":37,"y":27,"w":226,"h":298},
	"sourceSize": {"w":300,"h":350}
},
"puntos amarilla_00026.png":
{
	"frame": {"x":457,"y":301,"w":226,"h":298},
	"rotated": false,
	"trimmed": true,
	"spriteSourceSize": {"x":37,"y":27,"w":226,"h":298},
	"sourceSize": {"w":300,"h":350}
},
"puntos amarilla_00027.png":
{
	"frame": {"x":685,"y":301,"w":226,"h":298},
	"rotated": false,
	"trimmed": true,
	"spriteSourceSize": {"x":37,"y":27,"w":226,"h":298},
	"sourceSize": {"w":300,"h":350}
},
"puntos amarilla_00028.png":
{
	"frame": {"x":913,"y":301,"w":226,"h":298},
	"rotated": false,
	"trimmed": true,
	"spriteSourceSize": {"x":37,"y":27,"w":226,"h":298},
	"sourceSize": {"w":300,"h":350}
},
"puntos amarilla_00029.png":
{
	"frame": {"x":1141,"y":301,"w":226,"h":298},
	"rotated": false,
	"trimmed": true,
	"spriteSourceSize": {"x":37,"y":27,"w":226,"h":298},
	"sourceSize": {"w":300,"h":350}
},
"puntos amarilla_00030.png":
{
	"frame": {"x":1369,"y":301,"w":226,"h":298},
	"rotated": false,
	"trimmed": true,
	"spriteSourceSize": {"x":37,"y":27,"w":226,"h":298},
	"sourceSize": {"w":300,"h":350}
},
"puntos amarilla_00031.png":
{
	"frame": {"x":1597,"y":301,"w":226,"h":298},
	"rotated": false,
	"trimmed": true,
	"spriteSourceSize": {"x":37,"y":27,"w":226,"h":298},
	"sourceSize": {"w":300,"h":350}
}},
"meta": {
	"app": "https://www.codeandweb.com/texturepacker",
	"version": "1.0",
	"image": "mecanica1puntos.png",
	"format": "RGBA8888",
	"size": {"w":1824,"h":1209},
	"scale": "1",
	"smartupdate": "$TexturePacker:SmartUpdate:bbf21adb17acb22c854d7f55f4d95342:805fb6cbac9aa64ee6b0cce66859b271:b0f7846ee9666dc7f82cfca8ff6bb75f$"
}
}
