{"frames": {

"Comp 2_00000.png":
{
	"frame": {"x":286,"y":461,"w":3,"h":3},
	"rotated": false,
	"trimmed": true,
	"spriteSourceSize": {"x":0,"y":0,"w":3,"h":3},
	"sourceSize": {"w":300,"h":300}
},
"Comp 2_00001.png":
{
	"frame": {"x":876,"y":88,"w":131,"h":85},
	"rotated": false,
	"trimmed": true,
	"spriteSourceSize": {"x":100,"y":143,"w":131,"h":85},
	"sourceSize": {"w":300,"h":300}
},
"Comp 2_00002.png":
{
	"frame": {"x":876,"y":1,"w":141,"h":85},
	"rotated": false,
	"trimmed": true,
	"spriteSourceSize": {"x":98,"y":143,"w":141,"h":85},
	"sourceSize": {"w":300,"h":300}
},
"Comp 2_00003.png":
{
	"frame": {"x":821,"y":461,"w":161,"h":86},
	"rotated": false,
	"trimmed": true,
	"spriteSourceSize": {"x":95,"y":142,"w":161,"h":86},
	"sourceSize": {"w":300,"h":300}
},
"Comp 2_00004.png":
{
	"frame": {"x":821,"y":549,"w":176,"h":86},
	"rotated": false,
	"trimmed": true,
	"spriteSourceSize": {"x":93,"y":142,"w":176,"h":86},
	"sourceSize": {"w":300,"h":300}
},
"Comp 2_00005.png":
{
	"frame": {"x":806,"y":808,"w":191,"h":86},
	"rotated": false,
	"trimmed": true,
	"spriteSourceSize": {"x":90,"y":142,"w":191,"h":86},
	"sourceSize": {"w":300,"h":300}
},
"Comp 2_00006.png":
{
	"frame": {"x":805,"y":1056,"w":205,"h":87},
	"rotated": false,
	"trimmed": true,
	"spriteSourceSize": {"x":88,"y":141,"w":205,"h":87},
	"sourceSize": {"w":300,"h":300}
},
"Comp 2_00007.png":
{
	"frame": {"x":805,"y":967,"w":215,"h":87},
	"rotated": false,
	"trimmed": true,
	"spriteSourceSize": {"x":85,"y":141,"w":215,"h":87},
	"sourceSize": {"w":300,"h":300}
},
"Comp 2_00008.png":
{
	"frame": {"x":546,"y":1465,"w":217,"h":97},
	"rotated": false,
	"trimmed": true,
	"spriteSourceSize": {"x":83,"y":131,"w":217,"h":97},
	"sourceSize": {"w":300,"h":300}
},
"Comp 2_00009.png":
{
	"frame": {"x":261,"y":1467,"w":220,"h":109},
	"rotated": false,
	"trimmed": true,
	"spriteSourceSize": {"x":80,"y":119,"w":220,"h":109},
	"sourceSize": {"w":300,"h":300}
},
"Comp 2_00010.png":
{
	"frame": {"x":778,"y":1432,"w":222,"h":122},
	"rotated": false,
	"trimmed": true,
	"spriteSourceSize": {"x":78,"y":106,"w":222,"h":122},
	"sourceSize": {"w":300,"h":300}
},
"Comp 2_00011.png":
{
	"frame": {"x":780,"y":1295,"w":225,"h":135},
	"rotated": false,
	"trimmed": true,
	"spriteSourceSize": {"x":75,"y":93,"w":225,"h":135},
	"sourceSize": {"w":300,"h":300}
},
"Comp 2_00012.png":
{
	"frame": {"x":780,"y":1145,"w":227,"h":148},
	"rotated": false,
	"trimmed": true,
	"spriteSourceSize": {"x":73,"y":80,"w":227,"h":148},
	"sourceSize": {"w":300,"h":300}
},
"Comp 2_00013.png":
{
	"frame": {"x":546,"y":1302,"w":230,"h":161},
	"rotated": false,
	"trimmed": true,
	"spriteSourceSize": {"x":70,"y":67,"w":230,"h":161},
	"sourceSize": {"w":300,"h":300}
},
"Comp 2_00014.png":
{
	"frame": {"x":546,"y":1126,"w":232,"h":174},
	"rotated": false,
	"trimmed": true,
	"spriteSourceSize": {"x":68,"y":54,"w":232,"h":174},
	"sourceSize": {"w":300,"h":300}
},
"Comp 2_00015.png":
{
	"frame": {"x":576,"y":461,"w":243,"h":186},
	"rotated": false,
	"trimmed": true,
	"spriteSourceSize": {"x":57,"y":42,"w":243,"h":186},
	"sourceSize": {"w":300,"h":300}
},
"Comp 2_00016.png":
{
	"frame": {"x":1,"y":1381,"w":258,"h":199},
	"rotated": false,
	"trimmed": true,
	"spriteSourceSize": {"x":42,"y":29,"w":258,"h":199},
	"sourceSize": {"w":300,"h":300}
},
"Comp 2_00017.png":
{
	"frame": {"x":302,"y":458,"w":272,"h":212},
	"rotated": false,
	"trimmed": true,
	"spriteSourceSize": {"x":28,"y":16,"w":272,"h":212},
	"sourceSize": {"w":300,"h":300}
},
"Comp 2_00018.png":
{
	"frame": {"x":303,"y":1,"w":286,"h":225},
	"rotated": false,
	"trimmed": true,
	"spriteSourceSize": {"x":14,"y":3,"w":286,"h":225},
	"sourceSize": {"w":300,"h":300}
},
"Comp 2_00019.png":
{
	"frame": {"x":1,"y":231,"w":299,"h":228},
	"rotated": false,
	"trimmed": true,
	"spriteSourceSize": {"x":1,"y":0,"w":299,"h":228},
	"sourceSize": {"w":300,"h":300}
},
"Comp 2_00020.png":
{
	"frame": {"x":1,"y":1,"w":300,"h":228},
	"rotated": false,
	"trimmed": true,
	"spriteSourceSize": {"x":0,"y":0,"w":300,"h":228},
	"sourceSize": {"w":300,"h":300}
},
"Comp 2_00021.png":
{
	"frame": {"x":1,"y":461,"w":283,"h":228},
	"rotated": false,
	"trimmed": true,
	"spriteSourceSize": {"x":0,"y":0,"w":283,"h":228},
	"sourceSize": {"w":300,"h":300}
},
"Comp 2_00022.png":
{
	"frame": {"x":1,"y":691,"w":283,"h":228},
	"rotated": false,
	"trimmed": true,
	"spriteSourceSize": {"x":0,"y":0,"w":283,"h":228},
	"sourceSize": {"w":300,"h":300}
},
"Comp 2_00023.png":
{
	"frame": {"x":1,"y":921,"w":283,"h":228},
	"rotated": false,
	"trimmed": true,
	"spriteSourceSize": {"x":0,"y":0,"w":283,"h":228},
	"sourceSize": {"w":300,"h":300}
},
"Comp 2_00024.png":
{
	"frame": {"x":1,"y":1151,"w":283,"h":228},
	"rotated": false,
	"trimmed": true,
	"spriteSourceSize": {"x":0,"y":0,"w":283,"h":228},
	"sourceSize": {"w":300,"h":300}
},
"Comp 2_00025.png":
{
	"frame": {"x":591,"y":1,"w":283,"h":228},
	"rotated": false,
	"trimmed": true,
	"spriteSourceSize": {"x":0,"y":0,"w":283,"h":228},
	"sourceSize": {"w":300,"h":300}
},
"Comp 2_00026.png":
{
	"frame": {"x":303,"y":228,"w":283,"h":228},
	"rotated": false,
	"trimmed": true,
	"spriteSourceSize": {"x":0,"y":0,"w":283,"h":228},
	"sourceSize": {"w":300,"h":300}
},
"Comp 2_00027.png":
{
	"frame": {"x":588,"y":231,"w":283,"h":228},
	"rotated": false,
	"trimmed": true,
	"spriteSourceSize": {"x":0,"y":0,"w":283,"h":228},
	"sourceSize": {"w":300,"h":300}
},
"Comp 2_00028.png":
{
	"frame": {"x":576,"y":649,"w":257,"h":157},
	"rotated": false,
	"trimmed": true,
	"spriteSourceSize": {"x":26,"y":71,"w":257,"h":157},
	"sourceSize": {"w":300,"h":300}
},
"Comp 2_00029.png":
{
	"frame": {"x":546,"y":967,"w":257,"h":157},
	"rotated": false,
	"trimmed": true,
	"spriteSourceSize": {"x":26,"y":71,"w":257,"h":157},
	"sourceSize": {"w":300,"h":300}
},
"Comp 2_00030.png":
{
	"frame": {"x":286,"y":672,"w":258,"h":157},
	"rotated": false,
	"trimmed": true,
	"spriteSourceSize": {"x":26,"y":71,"w":258,"h":157},
	"sourceSize": {"w":300,"h":300}
},
"Comp 2_00031.png":
{
	"frame": {"x":286,"y":831,"w":258,"h":157},
	"rotated": false,
	"trimmed": true,
	"spriteSourceSize": {"x":26,"y":71,"w":258,"h":157},
	"sourceSize": {"w":300,"h":300}
},
"Comp 2_00032.png":
{
	"frame": {"x":286,"y":990,"w":258,"h":157},
	"rotated": false,
	"trimmed": true,
	"spriteSourceSize": {"x":26,"y":71,"w":258,"h":157},
	"sourceSize": {"w":300,"h":300}
},
"Comp 2_00033.png":
{
	"frame": {"x":286,"y":1149,"w":258,"h":157},
	"rotated": false,
	"trimmed": true,
	"spriteSourceSize": {"x":26,"y":71,"w":258,"h":157},
	"sourceSize": {"w":300,"h":300}
},
"Comp 2_00034.png":
{
	"frame": {"x":286,"y":1308,"w":258,"h":157},
	"rotated": false,
	"trimmed": true,
	"spriteSourceSize": {"x":26,"y":71,"w":258,"h":157},
	"sourceSize": {"w":300,"h":300}
},
"Comp 2_00035.png":
{
	"frame": {"x":546,"y":808,"w":258,"h":157},
	"rotated": false,
	"trimmed": true,
	"spriteSourceSize": {"x":26,"y":71,"w":258,"h":157},
	"sourceSize": {"w":300,"h":300}
},
"Comp 2_00036.png":
{
	"frame": {"x":261,"y":1381,"w":3,"h":3},
	"rotated": false,
	"trimmed": true,
	"spriteSourceSize": {"x":0,"y":0,"w":3,"h":3},
	"sourceSize": {"w":300,"h":300}
},
"Comp 2_00037.png":
{
	"frame": {"x":546,"y":672,"w":3,"h":3},
	"rotated": false,
	"trimmed": true,
	"spriteSourceSize": {"x":0,"y":0,"w":3,"h":3},
	"sourceSize": {"w":300,"h":300}
}},
"meta": {
	"app": "https://www.codeandweb.com/texturepacker",
	"version": "1.0",
	"image": "mentol.png",
	"format": "RGBA8888",
	"size": {"w":1021,"h":1581},
	"scale": "1",
	"smartupdate": "$TexturePacker:SmartUpdate:e878c43e82613295556eeca4843e6b43:f161e943075be7b6bcb19b1ea229d971:eb4b8364b9b39bc9eb3e555ced18787e$"
}
}
